title,description,city,date,begin_date,url
"Plongez dans l'Histoire : Nouvelle Expérience VR ""Lumière de la Liberté"" au Château de Versailles !","À l’occasion des commémorations des 250 ans de l’Indépendance américaine, le Château de Versailles vous donne rendez-vous pour un voyage dans le temps spectaculaire.",Versailles,23 juin 2026 - 31 janvier 2027,2026-06-23T09:00:00.000+02:00,
Ouverture des inscriptions pour l'année universitaire 2026-2027,L'Université Ouverte propose un programme d'activités varié et adapté à tous les niveaux.,Versailles,1 juillet - 28 août,2026-07-01T09:30:00.000+02:00,
Stages de cirque au chapiteau Méli Mélo pendant les vacances d'été,"Entre jonglage, équilibre, aériens et acrobaties, venez passer des vacances pas comme les autres pour découvrir la magie du cirque.",Versailles,6 juillet - 30 août,2026-07-06T10:00:00.000+02:00,
Cactus Art Festival,"Projet par ADM Art&Project et Post-Flamand Culture. Il se présente comme une plateforme ouverte mêlant exposition d’art contemporain, éducation artistique et participation du public.",Versailles,27 juillet - 2 août,2026-07-27T11:00:00.000+02:00,
Leonardo Cremonini. Le Regard en miroir,"Avec 130 oeuvres réunies, l’espace Richaud et le musée Lambinet consacrent une rétrospective à l’artiste italien Leonardo Cremonini (1925-2010), connu pour « sa peinture mystérieuse et séduisante ».",Versailles,27 mai - 4 octobre,2026-05-27T12:00:00.000+02:00,
Jardins des Lumières 1750-1800,Cette nouvelle exposition du château de Versailles célèbre l'avènement du jardin paysager du XVIIIe siècle.,Versailles,5 mai - 27 septembre,2026-05-05T12:00:00.000+02:00,
Exposition des ateliers artistiques de l'UOV,Présentations des travaux des étudiants des ateliers Aquarelle - Calligraphie chinoise - Dessin - Photographie - Reliure.,Versailles,15 juin - 15 octobre,2026-06-15T09:30:00.000+02:00,
La Voie de l'écuyère - Opus 2026,"Un spectacle de répertoire vivant où l’art équestre dialogue avec la création contemporaine. Entre tradition, sensibilité et diversité des disciplines, soyez témoin d'une expérience immersive.",Versailles,4 juillet - 2 août,2026-07-04T18:00:00.000+02:00,
Découvrez le Jardin du Parfumeur !,Profitez d'une escapade botanique et parfumée en accès gratuit tous les week-ends au Jardin du Parfumeur.,Versailles,2 mai - 27 septembre,2026-05-02T12:00:00.000+02:00,
Stage souplesse & équilibre à Méli Mélo,"Trois soirées pour gagner en souplesse, équilibre et mobilité avec Ophélie. Un stage accessible aux adolescents et aux adultes, tous niveaux bienvenus.",Versailles,14 - 16 août,2026-08-14T19:00:00.000+02:00,
Grands jeux en accès libre,Des grands jeux en bois attendent petits et grands dans le jardin du musée.,Versailles,19 - 30 août,2026-08-19T12:00:00.000+02:00,
Stage Arts Aériens – Ados & Adultes,"Trois soirées pour découvrir ou approfondir les arts aériens avec Alejandro. Trapèze, tissu et cerceau, accessibles aux adolescents et aux adultes, tous niveaux.",Versailles,24 - 26 août,2026-08-24T18:00:00.000+02:00,
"Après-midi ""Découverte des arts du cirque au musée Lambinet"" 7-12 ans",Le musée ouvre son jardin aux arts du cirque !,Versailles,28 août 2025 et 27 août 2026,2025-08-28T15:00:00.000+02:00,
"Après-midi ""Découverte des arts du cirque au musée Lambinet"" 4-6 ans",Le musée ouvre son jardin aux arts du cirque !,Versailles,28 août 2025 et 27 août 2026,2025-08-28T16:30:00.000+02:00,
Ose le carré !,"Trois artistes partageant le même atelier vous proposent leurs univers inspirés de la terre, du feu et de l'eau.",Versailles,31 août - 6 septembre,2026-08-31T11:00:00.000+02:00,
SOS smartphone et tablette,Quatre créneaux individuels d’une heure pour répondre à toutes vos questions et vous aider à l’utilisation de votre smartphone ou tablette.,Versailles,"1 - 29 septembre, les mardis",2026-09-01T13:00:00.000+02:00,
Les cours en atelier - Maroquinerie,"Initiez-vous à la maroquinerie et au travail du cuir en développant compétences techniques, connaissances des matériaux et maîtrise pratique.",Versailles,1 septembre 2026 - 15 juin 2027,2026-09-01T18:30:00.000+02:00,
Français Langue Étrangère (FLE) - Tests obligatoires (cours intensifs en journée),Les cours de Français Langue Étrangère (FLE) s'adressent à toute personne dont le français n'est pas la langue maternelle et désirant mieux la maîtriser.,Versailles,"Jeudi 3 septembre, 09h30",2026-09-03T09:30:00.000+02:00,
Jeudis dépannage,4 créneaux individuels d’une heure pour résoudre votre problème sur un ordinateur portable. Prenez rendez-vous et précisez bien votre problème.,Versailles,"3 - 24 septembre, les jeudis",2026-09-03T13:00:00.000+02:00,
Panik sur la hotline,Franck et Fleur vont tenter de résoudre les problèmes de tout le monde.,Versailles,3 - 5 septembre,2026-09-03T20:30:00.000+02:00,
Festival Plastique Danse Flore,Ce festival fête ses 20 ans au Potager du Roi.,Versailles,"Samedi 5 septembre, 10h00",2026-09-05T10:00:00.000+02:00,
JEAN-PAX MEFRET,JEAN-PAX MEFRET,Versailles,"Samedi 5 septembre, 20h30",2026-09-05T20:30:00.000+02:00,
Guignol,Spectacle tout public dès 3 ans.,Versailles,"6 - 20 septembre, les dimanches",2026-09-06T16:00:00.000+02:00,
Prolongation émotionnelle,"Après l’été, Sabine de Saint Albin prolonge l’émotion : mer, lumière, souvenirs et présences se recomposent, invitant chacun à regarder plus longtemps pour retrouver ce qui demeure vivant en soi.",Versailles,7 - 13 septembre,2026-09-07T11:00:00.000+02:00,
Français Langue Étrangère (FLE) - Orthographe-grammaire,Tests obligatoires pour l'atelier : Orthographe - grammaire,Versailles,7 et 11 septembre,2026-09-07T11:00:00.000+02:00,
"Méli Mélo - Inscriptions ouvertes – Ateliers de cirque 2026-2027 pour enfants, ados & adultes.","Les inscriptions sont ouvertes ! Découvrez nos ateliers de cirque pour tous les âges : parent-enfant dès 18 mois, enfants, ados et adultes. Pluridisciplinaire, aérien, équilibre, acrobaties…",Versailles,7 - 12 septembre,2026-09-07T17:00:00.000+02:00,
En ! Duos conspicis (Conspiration à deux voix),"Le répertoire des XVIIe et XVIIIe siècles est mis à l'honneur dans ce programme, à l'occasion du récital de fin d'études de Guillemette Loubert et Sidonie Bensa, Chantresses à la Maîtrise du CMBV.",Versailles,"Lundi 7 septembre, 18h30",2026-09-07T18:30:00.000+02:00,
Français Langue Étrangère (FLE) - Développer son vocabulaire,Tests obligatoires pour l'atelier : Développer son vocabulaire.,Versailles,"Mardi 8 septembre, 11h00",2026-09-08T11:00:00.000+02:00,
Français Langue Étrangère (FLE) - Tests obligatoires - Cours du soir,Les cours de Français Langue Étrangère (FLE) s'adressent à toute personne dont le français n'est pas la langue maternelle et désirant mieux la maîtriser.,Versailles,9 - 12 septembre,2026-09-09T18:00:00.000+02:00,
Les cours en atelier - Ebénisterie,"Découvrez et formez-vous au travail du bois en développant compétences techniques, connaissances des matériaux et maîtrise pratique.",Versailles,9 septembre 2026 - 17 mars 2027,2026-09-09T18:30:00.000+02:00,
"Laudetur, adoretur, honoretur.","Le genre du petit motet à trois voix d’hommes est mis à l’honneur dans ce programme, à l’occasion du récital de fin d’études de Flavien Lecomte, Chantre à la Maîtrise du CMBV.",Versailles,"Mercredi 9 septembre, 19h00",2026-09-09T19:00:00.000+02:00,
Français Langue Étrangère (FLE) - Conversation,Tests obligatoires pour la conversation : le 10 septembre 2026 à 11h15,Versailles,"Jeudi 10 septembre, 11h00",2026-09-10T11:00:00.000+02:00,
Paris comedy club,Les humoristes les plus drôles de la nouvelle génération et de la scène parisienne.,Versailles,"10 septembre - 3 décembre, certains jeudis",2026-09-10T20:30:00.000+02:00,
Pierre-Antoine Damecour S'échauffe,À la base sa mère voulait l’appeler Pierre et son père Antoine…,Versailles,11 et 12 septembre,2026-09-11T20:30:00.000+02:00,
Entretien oral pour les cours de langues vivantes,Entretien oral et rencontre avec les professeurs de l'UOV.,Versailles,14 - 18 septembre,2026-09-14T10:30:00.000+02:00,
111e Salon de l'École Française,Le Salon de l’École française revient cet automne avec une sélection de 55 artistes. Le haut niveau d’exigence et la variété des œuvres sont la recette de son succès annuel.,Versailles,15 - 20 septembre,2026-09-15T11:00:00.000+02:00,
Initiation à l'histoire de l'art,"1 cours, 1 œuvre. Découvrez une vaste fresque de l’histoire de l’art occidental de l’Antiquité à nos jours en décryptant à chaque séance une œuvre, ancienne ou moderne, célèbre ou méconnue.",Versailles,"15 septembre - 20 octobre, les mardis",2026-09-15T19:00:00.000+02:00,
Speak-dating (anglais),Pour discuter en anglais dans le cadre de l’Ancienne Galerie des Affaires étrangères. Une séance pour améliorer votre pratique et en apprendre plus sur l’Indépendance des États-Unis. Dès 15 ans.,Versailles,"Jeudi 17 septembre, 17h00",2026-09-17T17:00:00.000+02:00,
Efficace - Tony Saint Laurent,Viens passer l’heure la plus drôle de ta vie !,Versailles,17 - 19 septembre,2026-09-17T20:30:00.000+02:00,
Journées européennes du patrimoine,Rendez-vous les 19 et 20 septembre 2026 pour (re)découvrir le patrimoine versaillais !,Versailles,19 et 20 septembre,2026-09-19T08:00:00.000+02:00,
Journées européennes du patrimoine : sur les traces des 250 ans de l'Indépendance américaine.,"Dans le cadre des Journées européennes du patrimoine, les sites historiques de la rue de l’Indépendance américaine ouvriront leurs portes au public.",Versailles,19 et 20 septembre,2026-09-19T09:00:00.000+02:00,
Ouverture du musée scientifique du lycée Hoche,"Exposition ""enseigner du XVIIIe siècle à l'avènement du numérique"".",Versailles,19 septembre - 17 décembre,2026-09-19T09:30:00.000+02:00,
Rencontre avec les professeurs de certains ateliers.,Rencontre avec les professeurs de l'UOV.,Versailles,19 septembre - 3 octobre,2026-09-19T10:00:00.000+02:00,
Les Dauphins de la BD,"À l'occasion des Journées Européennes du Patrimoine, l’École des Beaux-arts de Versailles ouvre sa galerie et célèbre la bande dessinée jeunesse.",Versailles,19 et 20 septembre,2026-09-19T10:00:00.000+02:00,
Journées européennes du patrimoine au Musée Lambinet,Profitez du musée ouvert gratuitement !,Versailles,19 et 20 septembre,2026-09-19T10:00:00.000+02:00,
Journées Européennes du Patrimoine - Les Dauphins de la BD,"Philippe Callier, auteur, illustrateur et professeur célèbre la BD jeunesse avec ses élèves.",Versailles,19 et 20 septembre,2026-09-19T10:00:00.000+02:00,
"Journées Européennes du Patrimoine ~ Parcours France – Amérique, de la Renaissance à l’Indépendance américaine",Ouverture de la Galerie des Affaires étrangères,Versailles,19 et 20 septembre,2026-09-19T10:00:00.000+02:00,
Journées Européennes du Patrimoine - Découvrez la magie du sténopé aux Beaux-arts !,Découverte des origines de la photographie grâce à nos ateliers de sténopé !,Versailles,19 et 20 septembre,2026-09-19T10:00:00.000+02:00,
Journées Européennes du Patrimoine ~ Visite libre de la Galerie des Affaires étrangères,"Aujourd'hui lieu de conservation de plus de 55 000 ouvrages anciens, la galerie d'honneur de l'Hôtel des Affaires étrangères a été un haut lieu de la diplomatie française sous Louis XV et Louis XVI.",Versailles,19 et 20 septembre,2026-09-19T10:00:00.000+02:00,
"Journées Européennes du Patrimoine - Visite commentée : Patrimoine en péril, d’hôpital royal à espace culturel","L’espace Richaud propose des visites commentées sur la thématique « Patrimoine en péril : raviver, résister, réimaginer » autour de son histoire.",Versailles,19 et 20 septembre,2026-09-19T10:30:00.000+02:00,
Journées Européennes du Patrimoine ~ Visites insolites,"Les bibliothèques personnelles d'une reine et d'une favorite, le bureau d'un lecteur de l'au-delà, des cachettes et un dédale de livres...",Versailles,19 et 20 septembre,2026-09-19T11:00:00.000+02:00,
Journées Européennes du Patrimoine ~ Atelier gravure,"Lors de cet atelier de gravure, réalisé par l’artiste Matthieu Perramant, chaque enfant gravera son dessin à l'aide d'une pointe sèche puis chaque plaque sera imprimée au moyen d'une petite presse.",Versailles,"Samedi 19 septembre, 15h00",2026-09-19T15:00:00.000+02:00,
Jazz à la ferme - Le Versailles Jazz Festival fait sa rentrée en musique,"Le Versailles Jazz festival est de retour, accueilli à la ferme Nature & Découvertes ! Pour deux concerts exceptionnels.",Versailles,"Samedi 19 septembre, 16h30",2026-09-19T16:30:00.000+02:00,
Mais où est passé le professeur Dino ?,"Une aventure pleine de rebondissements, par-delà les frontières de l’espace… et du temps !",Versailles,20 septembre - 29 décembre,2026-09-20T15:00:00.000+02:00,
Les 5 au Carré,"Au Carré à la Farine, 5 artistes mêlent peinture, céramique, photographie, cinq langages qui se frôlent et se répondent. Entre les œuvres, la lumière circule librement.",Versailles,21 - 27 septembre,2026-09-21T11:00:00.000+02:00,
"Parcours France – Amérique, de la Renaissance à l’Indépendance américaine",Ouverture de la Galerie des Affaires étrangères,Versailles,4 juillet - 26 septembre,2026-07-04T10:00:00.000+02:00,
Atelier sécurité informatique,"La navigation et les achats sur internet comportent des risques, cet atelier propose de découvrir comment s’en prémunir et naviguer en toute sécurité.",Versailles,"Mercredi 23 septembre, 14h00",2026-09-23T14:00:00.000+02:00,
Atelier de mathématiques récréatives,"Aborder les mathématiques de manière ludique, c’est possible !",Versailles,"Mercredi 23 septembre, 14h00",2026-09-23T14:00:00.000+02:00,
Visite contée du musée,Tendez l’oreille ! Les objets du musée ont de nouvelles histoires à vous raconter en 2026.,Versailles,27 février - 23 septembre,2026-02-27T15:00:00.000+01:00,
L'École des femmmes,Une pièce du XVIIe dont la résonance contemporaine frappe par sa vivacité et une mise en scène qui fait vibrer sa dimension populaire en révélant son humanité profonde et son souffle critique.,Versailles,23 septembre - 3 octobre,2026-09-23T20:30:00.000+02:00,
Bébés lecteurs,"Un moment à partager dans la convivialité entre les professionnels du livre et de la petite enfance, les bébés et leur famille.",Versailles,"Jeudi 24 septembre, 09h30, 10h15",2026-09-24T09:30:00.000+02:00,
Les jeudis de la bibliothèque,Conférence par Charles-Éloi Vial et Guillaume Frantzwa  : « Beaumarchais et l'Amérique ».,Versailles,"Jeudi 24 septembre, 18h00",2026-09-24T18:00:00.000+02:00,
Le gang des chieuses,Vous aussi vous êtes une chieuse ?,Versailles,24 - 26 septembre,2026-09-24T20:30:00.000+02:00,
Atelier Sophro’bib,"Faire découvrir aux adultes la sophrologie, son intérêt pour le bien-être quotidien, la gestion du stress, des émotions, du sommeil et la détente corporelle. Dès 18 ans.",Versailles,"Vendredi 25 septembre, 10h00",2026-09-25T10:00:00.000+02:00,
Premiers pas en informatique : formation continue,"Premiers pas en informatique : découverte de l’ordinateur et son environnement, comment surfer sur internet, créer une messagerie et naviguer en toute sécurité. Suivi obligatoire des 5 séances.",Versailles,"25 septembre - 27 novembre, certains vendredis",2026-09-25T14:00:00.000+02:00,
Visite-dégustation Art & Vin,Avez-vous déjà dégusté un bon vin tout en savourant la beauté d'une œuvre d'art ?,Versailles,"27 mars - 25 septembre, certains vendredis",2026-03-27T19:30:00.000+01:00,
Vous avez dit kami ?,Lectures animées dans un petit théâtre de bois japonais. De 4 à 9 ans.,Versailles,"Samedi 26 septembre, 11h00",2026-09-26T11:00:00.000+02:00,
Makey Makey,"Bidouillez, branchez, jouez ! Avec Makey Makey, inventez des instruments étonnants et explorez la musique autrement. De 8 à 12 ans.",Versailles,"Samedi 26 septembre, 15h00",2026-09-26T15:00:00.000+02:00,
Soirée jeux,"La Ludothèque vous invite à participer à sa nouvelle soirée jeux, seul, en famille ou entre amis, pour un moment complètement ludique autour de nos jeux de société ! Dès 8 ans.",Versailles,"Samedi 26 septembre, 19h30",2026-09-26T19:30:00.000+02:00,
Rentrée solennelle de l'Université Ouverte,Conférence inaugurale.,Versailles,"Lundi 28 septembre, 16h30",2026-09-28T16:30:00.000+02:00,
Leonardo Cremonini : héritage et échos,Cette exposition rend hommage à cet héritage en réunissant des œuvres de certains artistes passés par son enseignement à l’École des Beaux-arts,Versailles,29 septembre - 11 octobre,2026-09-29T11:00:00.000+02:00,
Les cours en atelier - Vitrail,"Formez vous au travail du verre et du vitrail en développant compétences techniques, connaissances des matériaux et maîtrise pratique.",Versailles,30 septembre 2026 - 17 mars 2027,2026-09-30T18:30:00.000+02:00,
Ils exagèrent !,"Deux humoristes, chacun persuadé d'être la tête d'affiche du soir, débarquent dans la même salle de spectacle... à la même heure.",Versailles,"Jeudi 1 octobre, 20h30",2026-10-01T20:30:00.000+02:00,
Photographier la Chine des origines à nos jours,De l'Empire à la République de Chine.,Versailles,"Vendredi 2 octobre, 14h30",2026-10-02T14:30:00.000+02:00,
"Cours de danse flamenco enfants et adultes, claquettes américaines, danse classique adultes, danse baroque",Cours de danse flamenco enfants de 6 à 11 ans - apprentissage de la danse espagnole.,Versailles,"Vendredi 2 octobre, 17h30",2026-10-02T17:30:00.000+02:00,
On se foutrait pas un peu de notre gueule ? - Thierry Marquet,"C'est cash et ça fait du bien. Un peu comme péter en réunion : c'est osé, mais ça soulage.",Versailles,2 et 3 octobre,2026-10-02T20:30:00.000+02:00,
Exposition art urbain - Jérôme Mesnager,"Pour le temps d'un week-end seulement, exposition temporaire d'œuvres de l'artiste Jérôme Mesnager, de quelques travaux d'autres street-artistes, ainsi que des ouvrages de référence sur ces artistes.",Versailles,3 et 4 octobre,2026-10-03T15:00:00.000+02:00,
Exposition Nö - Bio-Démarche Artistique,"En associant l’encre, le liner, le crayon et la peinture, l’artiste vous invite à explorer la beauté subtile de la faune et de la flore.",Versailles,5 - 11 octobre,2026-10-05T11:00:00.000+02:00,
Les conflits du passé et de l'avenir,Le soutien populaire à la guerre.,Versailles,"Lundi 5 octobre, 14h30",2026-10-05T14:30:00.000+02:00,
Un regard sur les principaux défis contemporains,Doux commerce et commerce méchant.,Versailles,"Lundi 5 octobre, 16h30",2026-10-05T16:30:00.000+02:00,
L'histoire en questions,Depuis quand sait-on que la terre est ronde ?,Versailles,"Mercredi 7 octobre, 16h30",2026-10-07T16:30:00.000+02:00,
"Langage, tout type d'expression",Exposition de l'Association des élèves et anciens élèves de l'École des Beaux-arts de Versailles.,Versailles,8 - 11 octobre,2026-10-08T18:00:00.000+02:00,
Monsieur Motobécane,"M. Motobécane sillonne les routes de Picardie sur sa mobylette bleue. Amandine, huit ans, surgit sur sa route et va bouleverser sa vie.",Versailles,8 - 10 octobre,2026-10-08T20:30:00.000+02:00,
Questions d'actualité,Pourquoi et comment la guerre n'aura pas lieu ?,Versailles,"Vendredi 9 octobre, 14h30",2026-10-09T14:30:00.000+02:00,
Belle bourrine - Elise Giuliani,"Le spectacle où tu ris, tu jouis (presque)... et tu te rappelles que t'es vivant.",Versailles,9 et 10 octobre,2026-10-09T20:30:00.000+02:00,
Julien Clerc - Une vie,Concert,Versailles,"Samedi 10 octobre, 20h30",2026-10-10T20:30:00.000+02:00,
Ombres et Lumières,Programme : Dvořák - Trio n°4 en mi mineur op. 90 « Dumky » et Schubert - Trio n°1 en si bémol majeur op. 99 D.898,Versailles,"Dimanche 11 octobre, 17h00",2026-10-11T17:00:00.000+02:00,
La naissance des nations européennes (1815 - 1914),Les nations dominées par les monarchies autoritaires (1815-1830). L'exception de l'indépendance grecque.,Versailles,"Lundi 12 octobre, 14h30",2026-10-12T14:30:00.000+02:00,
L'économie en question,Tourisme et monuments historiques : l'économie au secours de notre patrimoine ?,Versailles,"Lundi 12 octobre, 16h30",2026-10-12T16:30:00.000+02:00,
Midi de l'EBA,"Visite de l’exposition de Claire Trotignon  ""Paysage elliptique"" avec Clara de Masfrand, Chargée des publics et de la pédagogie.",Versailles,"Mardi 13 octobre, 13h00",2026-10-13T13:00:00.000+02:00,
Musexpo,Tintoret - Musée Jacquemart-André.,Versailles,"Mardi 13 octobre, 14h30",2026-10-13T14:30:00.000+02:00,
L'intelligence artificielle,"L'intelligence artificielle, c'est quoi ?",Versailles,"Mardi 13 octobre, 18h30",2026-10-13T18:30:00.000+02:00,
Une histoire culturelle de la fête,"La fête dans l'Antiquité ; les jeux sacrés, olympiques et théâtraux.",Versailles,"Mercredi 14 octobre, 16h30",2026-10-14T16:30:00.000+02:00,
Le Médecin malgré lui,« C’est l’une des farces les plus limpides de Molière. L’une des plus populaires. Tout y est en relief et en couleurs. Un chef d’œuvre d’aisance et de gaité. » Jacques Copeau (1879 -1949),Versailles,14 - 17 octobre,2026-10-14T20:30:00.000+02:00,
Mes affaires de cœur - Elisabeth Buffet,Et si je vous parlais de mes aventures amoureuses et sexuelles ?,Versailles,15 - 17 octobre,2026-10-15T20:30:00.000+02:00,
Arnaud Tsamère,Nouveau spectacle,Versailles,"Samedi 17 octobre, 20h30",2026-10-17T20:30:00.000+02:00,
Les Gloops en concert !,"3 chanteurs-musiciens-bruiteurs vous entraînent dans un tourbillon musical, joyeux et fantaisiste !",Versailles,19 - 22 octobre,2026-10-19T14:30:00.000+02:00,
